FileName, CommitSha
Workbooks/Sample/AzureActiveDirectorySignins_ARM.json,cbe819b3555f64d43379137c21a3fd93293a37c0
Workbooks/Sample/CyberArkEPV_ARM.json,ac044f4db0b697503401272b4e1ed7a4ee6d5dcb
workbooks/sample/TrendMicroDeepSecurityAttackActivity_ARM.json,3af59a0e00935c448b6322cf5ac9faa445d444c4
sentinel-deployment.config,d0176f11505175ced27cc0d3ede6f708fe7e120e
Workbooks/Sample/ForcepointCloudSecuirtyGatewayworkbook_ARM.json,c3fd4900b9ad84e3c0686c80f924565e11c46010
Workbooks/Sample/ProofpointTAP_ARM.json,7d2a08187260c6801a87be996b6015da07816255
Workbooks/Sample/ZscalerThreats_ARM.json,f06afd158bc092bbca88d7c1c828733bd29c7f46
Workbooks/Sample/M365SecurityPosture_ARM.json,2e53456c9523391b6f8c1aaa36dbfcf1aa07a91d

